[
  {"name": "Ruissalo", "region": "Turku", "lat": 60.4339, "lon": 22.1653},
  {"name": "Naantali", "region": "Turku", "lat": 60.4678, "lon": 22.0281},
  {"name": "Parainen", "region": "Turku", "lat": 60.3042, "lon": 22.2936},
  {"name": "Korppoo", "region": "Turku", "lat": 60.1533, "lon": 21.6550},
  {"name": "Houtskari", "region": "Turku", "lat": 60.2167, "lon": 21.3500},
  {"name": "Iniö", "region": "Turku", "lat": 60.4000, "lon": 21.3833},
  {"name": "Velkua", "region": "Turku", "lat": 60.3667, "lon": 21.5833},
  {"name": "Rymättylä", "region": "Turku", "lat": 60.3333, "lon": 21.9167},
  {"name": "Kaarina", "region": "Turku", "lat": 60.4072, "lon": 22.3697},
  {"name": "Lieto", "region": "Turku", "lat": 60.5167, "lon": 22.4500},
  {"name": "Hietaniemi", "region": "Helsinki", "lat": 60.1779, "lon": 24.9111},
  {"name": "Aurinkolahti", "region": "Helsinki", "lat": 60.2044, "lon": 25.1578},
  {"name": "Pihlajasaari", "region": "Helsinki", "lat": 60.1456, "lon": 24.9217},
  {"name": "Suomenlinna", "region": "Helsinki", "lat": 60.1449, "lon": 24.9881},
  {"name": "Lauttasaari", "region": "Helsinki", "lat": 60.1567, "lon": 24.8678},
  {"name": "Vuosaari", "region": "Helsinki", "lat": 60.2089, "lon": 25.1425},
  {"name": "Santahamina", "region": "Helsinki", "lat": 60.1342, "lon": 25.0422},
  {"name": "Mustikkamaa", "region": "Helsinki", "lat": 60.1833, "lon": 24.9917},
  {"name": "Uunisaari", "region": "Helsinki", "lat": 60.1533, "lon": 24.9400},
  {"name": "Seurasaari", "region": "Helsinki", "lat": 60.1833, "lon": 24.8833},
  {"name": "Tuomarinkylä", "region": "Espoo", "lat": 60.1675, "lon": 24.6869},
  {"name": "Haukilahti", "region": "Espoo", "lat": 60.1597, "lon": 24.7761},
  {"name": "Matinkylä", "region": "Espoo", "lat": 60.1667, "lon": 24.7500},
  {"name": "Tapiola", "region": "Espoo", "lat": 60.1758, "lon": 24.8050},
  {"name": "Nokkala", "region": "Espoo", "lat": 60.1500, "lon": 24.6333},
  {"name": "Hanko", "region": "Hanko", "lat": 59.8231, "lon": 22.9633},
  {"name": "Tulliniemi", "region": "Hanko", "lat": 59.8300, "lon": 22.9500},
  {"name": "Bellevue", "region": "Hanko", "lat": 59.8200, "lon": 22.9700},
  {"name": "Silversand", "region": "Hanko", "lat": 59.8100, "lon": 22.9400},
  {"name": "Kotka", "region": "Kotka", "lat": 60.4667, "lon": 26.9458},
  {"name": "Sapokka", "region": "Kotka", "lat": 60.4667, "lon": 26.9458},
  {"name": "Santalahti", "region": "Kotka", "lat": 60.4600, "lon": 26.9500},
  {"name": "Hamina", "region": "Hamina", "lat": 60.5667, "lon": 27.2000},
  {"name": "Loviisa", "region": "Loviisa", "lat": 60.4567, "lon": 26.2264},
  {"name": "Valko", "region": "Loviisa", "lat": 60.4400, "lon": 26.2100},
  {"name": "Pernaja", "region": "Loviisa", "lat": 60.3833, "lon": 26.0167},
  {"name": "Porvoo", "region": "Porvoo", "lat": 60.3925, "lon": 25.6650},
  {"name": "Emäsalo", "region": "Porvoo", "lat": 60.4167, "lon": 25.6167},
  {"name": "Sipoo", "region": "Sipoo", "lat": 60.3667, "lon": 25.2667},
  {"name": "Lappeenranta", "region": "Lappeenranta", "lat": 61.0583, "lon": 28.1861},
  {"name": "Myllysaari", "region": "Lappeenranta", "lat": 61.0500, "lon": 28.1900},
  {"name": "Taipalsaari", "region": "Lappeenranta", "lat": 61.1500, "lon": 28.0667},
  {"name": "Imatra", "region": "Imatra", "lat": 61.1667, "lon": 28.7500},
  {"name": "Savonlinna", "region": "Savonlinna", "lat": 61.8667, "lon": 28.8833},
  {"name": "Punkaharju", "region": "Savonlinna", "lat": 61.7500, "lon": 29.3833},
  {"name": "Rauma", "region": "Rauma", "lat": 61.1272, "lon": 21.5094},
  {"name": "Poroholma", "region": "Rauma", "lat": 61.1200, "lon": 21.4800},
  {"name": "Pori", "region": "Pori", "lat": 61.4833, "lon": 21.7833},
  {"name": "Yyteri", "region": "Pori", "lat": 61.5733, "lon": 21.4331},
  {"name": "Reposaari", "region": "Pori", "lat": 61.6167, "lon": 21.4333},
  {"name": "Mäntyluoto", "region": "Pori", "lat": 61.5833, "lon": 21.4667},
  {"name": "Björköby", "region": "Vaasa", "lat": 63.1050, "lon": 21.6300},
  {"name": "Replot", "region": "Vaasa", "lat": 63.2300, "lon": 21.4200},
  {"name": "Vassor", "region": "Vaasa", "lat": 63.0950, "lon": 21.5850},
  {"name": "Kokkola", "region": "Kokkola", "lat": 63.8383, "lon": 23.1306},
  {"name": "Ykspihlaja", "region": "Kokkola", "lat": 63.8667, "lon": 23.0333},
  {"name": "Pietarsaari", "region": "Pietarsaari", "lat": 63.6747, "lon": 22.7028},
  {"name": "Larsmo", "region": "Pietarsaari", "lat": 63.7500, "lon": 22.7500},
  {"name": "Kalajoki", "region": "Kalajoki", "lat": 64.2667, "lon": 23.9500},
  {"name": "Hiekkasärkät", "region": "Kalajoki", "lat": 64.3000, "lon": 23.9167},
  {"name": "Oulu", "region": "Oulu", "lat": 65.0125, "lon": 25.4683},
  {"name": "Nallikari", "region": "Oulu", "lat": 65.0586, "lon": 25.4114},
  {"name": "Tuira", "region": "Oulu", "lat": 65.0167, "lon": 25.5000},
  {"name": "Haukipudas", "region": "Oulu", "lat": 65.1833, "lon": 25.3500},
  {"name": "Kemi", "region": "Kemi", "lat": 65.7361, "lon": 24.5625},
  {"name": "Ajos", "region": "Kemi", "lat": 65.7500, "lon": 24.5333},
  {"name": "Tornio", "region": "Tornio", "lat": 65.8481, "lon": 24.1467},
  {"name": "Röyttä", "region": "Tornio", "lat": 65.8667, "lon": 24.1333},
  {"name": "Tampere", "region": "Tampere", "lat": 61.4978, "lon": 23.7610},
  {"name": "Rauhaniemi", "region": "Tampere", "lat": 61.5167, "lon": 23.7167},
  {"name": "Nokia", "region": "Tampere", "lat": 61.4667, "lon": 23.5000},
  {"name": "Ylöjärvi", "region": "Tampere", "lat": 61.5667, "lon": 23.6000},
  {"name": "Jyväskylä", "region": "Jyväskylä", "lat": 62.2426, "lon": 25.7473},
  {"name": "Mäki-Matti", "region": "Jyväskylä", "lat": 62.2500, "lon": 25.7667},
  {"name": "Kuopio", "region": "Kuopio", "lat": 62.8924, "lon": 27.6770},
  {"name": "Väinölänniemi", "region": "Kuopio", "lat": 62.9000, "lon": 27.6833},
  {"name": "Joensuu", "region": "Joensuu", "lat": 62.6010, "lon": 29.7636},
  {"name": "Linnunlahti", "region": "Joensuu", "lat": 62.6167, "lon": 29.7833},
  {"name": "Mikkeli", "region": "Mikkeli", "lat": 61.6875, "lon": 27.2722},
  {"name": "Kenkävero", "region": "Mikkeli", "lat": 61.6833, "lon": 27.2833},
  {"name": "Rovaniemi", "region": "Rovaniemi", "lat": 66.5039, "lon": 25.7294},
  {"name": "Saarenkylä", "region": "Rovaniemi", "lat": 66.5167, "lon": 25.7167},
  {"name": "Lahti", "region": "Lahti", "lat": 60.9827, "lon": 25.6612},
  {"name": "Messilä", "region": "Lahti", "lat": 61.0000, "lon": 25.6833},
  {"name": "Hämeenlinna", "region": "Hämeenlinna", "lat": 60.9964, "lon": 24.4641},
  {"name": "Aulanko", "region": "Hämeenlinna", "lat": 61.0000, "lon": 24.4667},
  {"name": "Turku City Beach", "region": "Turku", "lat": 60.4406, "lon": 22.2097},
  {"name": "Ispoinen", "region": "Turku", "lat": 60.4500, "lon": 22.2000}
]
